时间,温度(°C),体感(°C),降水概率(%),降水量(mm),天气代码,风速(km/h),湿度(%),云量(%)
2026-10-03 00:00,18.0,18.3,15,0.0,3,3.8,71,99
2026-10-03 01:00,17.9,18.8,27,0.0,3,1.5,75,100
2026-10-03 02:00,17.6,18.1,41,0.0,3,4.0,78,100
2026-10-03 03:00,16.5,17.0,61,0.8,53,7.1,89,100
2026-10-03 04:00,16.1,16.4,84,1.2,55,8.9,93,100
2026-10-03 05:00,15.7,15.7,100,0.3,51,10.5,93,100
2026-10-03 06:00,15.5,15.7,100,1.7,61,8.4,93,100
2026-10-03 07:00,15.4,15.7,100,2.2,61,7.9,94,100
2026-10-03 08:00,15.7,16.1,98,0.9,53,7.7,95,100
2026-10-03 09:00,16.0,16.5,93,0.8,53,8.4,95,100
2026-10-03 10:00,16.4,16.8,87,0.7,53,9.0,93,100
2026-10-03 11:00,17.0,17.7,82,0.6,53,7.6,92,100
2026-10-03 12:00,17.9,18.9,80,0.3,51,6.3,87,100
2026-10-03 13:00,18.7,19.6,79,0.1,51,6.0,82,100
2026-10-03 14:00,19.1,20.1,73,0.0,3,5.0,79,100
2026-10-03 15:00,19.8,21.0,57,0.0,3,4.4,76,100
2026-10-03 16:00,20.2,21.4,37,0.0,3,4.0,74,100
2026-10-03 17:00,19.9,21.5,20,0.0,3,1.9,76,100
2026-10-03 18:00,19.2,21.0,10,0.0,3,2.0,83,100
2026-10-03 19:00,18.1,19.4,4,0.0,2,5.8,88,73
2026-10-03 20:00,17.4,18.6,0,0.0,1,5.2,90,32
2026-10-03 21:00,16.7,17.9,0,0.0,0,4.3,92,16
2026-10-03 22:00,16.3,17.3,0,0.0,1,4.6,93,29
2026-10-03 23:00,15.9,16.8,0,0.0,3,5.4,95,94
2026-10-04 00:00,15.6,16.6,0,0.0,3,4.8,96,89
2026-10-04 01:00,15.1,16.1,0,0.0,3,3.5,98,97
2026-10-04 02:00,14.6,15.7,0,0.0,0,2.4,100,9
2026-10-04 03:00,14.2,15.3,0,0.0,3,2.0,100,99
2026-10-04 04:00,14.0,14.8,0,0.0,3,3.1,100,98
2026-10-04 05:00,14.1,14.5,0,0.0,3,5.7,100,93
2026-10-04 06:00,14.3,14.1,0,0.0,1,10.1,98,26
2026-10-04 07:00,14.9,14.2,0,0.0,1,14.1,97,32
2026-10-04 08:00,16.5,16.3,0,0.0,2,12.8,91,70
2026-10-04 09:00,18.6,16.9,0,0.0,2,17.3,69,54
2026-10-04 10:00,19.9,16.6,0,0.0,2,19.0,47,78
2026-10-04 11:00,20.7,17.1,0,0.0,3,18.6,35,87
2026-10-04 12:00,21.4,18.4,0,0.0,3,17.3,33,95
2026-10-04 13:00,21.9,19.0,0,0.0,2,16.5,31,73
2026-10-04 14:00,22.1,19.3,0,0.0,3,15.5,32,84
2026-10-04 15:00,21.9,18.8,0,0.0,3,13.9,33,100
2026-10-04 16:00,21.5,18.5,0,0.0,3,12.6,35,100
2026-10-04 17:00,20.3,18.3,0,0.0,3,9.0,43,100
2026-10-04 18:00,18.4,16.9,0,0.0,3,6.1,51,100
2026-10-04 19:00,17.4,15.9,0,0.0,3,6.0,54,100
2026-10-04 20:00,16.8,15.3,0,0.0,3,6.5,56,100
2026-10-04 21:00,16.4,14.9,0,0.0,3,6.2,57,100
2026-10-04 22:00,15.7,14.2,0,0.0,3,5.9,59,98
2026-10-04 23:00,15.0,13.7,0,0.0,3,5.3,63,100
2026-10-05 00:00,14.7,13.5,0,0.0,3,4.9,65,100
2026-10-05 01:00,14.5,12.8,0,0.0,3,7.3,63,100
2026-10-05 02:00,14.1,12.4,0,0.0,2,6.2,63,61
2026-10-05 03:00,13.2,11.6,0,0.0,2,5.2,66,69
2026-10-05 04:00,12.3,10.8,0,0.0,3,4.9,70,88
2026-10-05 05:00,11.9,10.4,0,0.0,2,4.8,72,66
2026-10-05 06:00,11.3,9.7,0,0.0,1,5.3,75,49
2026-10-05 07:00,11.5,10.0,0,0.0,1,5.7,76,47
2026-10-05 08:00,13.8,12.6,0,0.0,3,5.1,68,80
2026-10-05 09:00,16.8,16.0,0,0.0,3,3.3,59,88
2026-10-05 10:00,19.1,17.6,0,0.0,3,4.1,44,100
2026-10-05 11:00,20.2,18.9,0,0.0,3,2.9,39,91
2026-10-05 12:00,21.2,20.3,0,0.0,3,3.5,36,100
2026-10-05 13:00,21.6,20.1,0,0.0,3,4.8,34,100
2026-10-05 14:00,21.7,19.6,0,0.0,3,6.3,35,100
2026-10-05 15:00,21.7,19.7,0,0.0,3,7.3,36,99
2026-10-05 16:00,21.5,19.6,0,0.0,3,7.2,38,100
2026-10-05 17:00,20.4,20.1,0,0.0,3,3.6,53,98
2026-10-05 18:00,18.7,17.7,0,0.0,3,5.4,55,100
2026-10-05 19:00,17.8,16.6,0,0.0,2,6.2,56,73
2026-10-05 20:00,16.6,15.4,0,0.0,0,6.2,61,8
2026-10-05 21:00,15.4,14.1,0,0.0,0,6.5,65,9
2026-10-05 22:00,14.8,13.2,0,0.0,0,8.7,67,5
2026-10-05 23:00,14.0,12.4,0,0.0,0,8.6,71,5
